[{
  "_id": {
    "$oid": "64fd93da5961a7ceae476b88"
  },
  "airline_name": "Vietnam Airlines",
  "airline_logo": "./img/airlines/VietnamAirlinesLogo.png",
  "airline_id_data": "1"
},
{
  "_id": {
    "$oid": "64fd93da5961a7ceae476b89"
  },
  "airline_name": "Jetstar Pacific",
  "airline_logo": "./img/airlines/JetStarLogo.png",
  "airline_id_data": "2"
},
{
  "_id": {
    "$oid": "64fd93da5961a7ceae476b8a"
  },
  "airline_name": "VietJet Air",
  "airline_logo": "./img/airlines/VietjetAirLogo.png",
  "airline_id_data": "3"
},
{
  "_id": {
    "$oid": "64fd93da5961a7ceae476b8b"
  },
  "airline_name": "Bamboo Airways",
  "airline_logo": "./img/airlines/BambooAirwaysLogo.png",
  "airline_id_data": "4"
},
{
  "_id": {
    "$oid": "64fd93da5961a7ceae476b8c"
  },
  "airline_name": "Pacific Airlines",
  "airline_logo": "./img/airlines/PacificAirlinesLogo.png",
  "airline_id_data": "5"
}]